INSERT INTO `etsim_plant` (`power_unit_etsim_plant`, `cost_mw_etsim_plant`, `om_mw_etsim_plant`, `rdt_etsim_plant`, `construction_etsim_plant`, `operation_etsim_plant`, `description_etsim_plant`) VALUES
('Coal subcritical', 250, 2194000, '6.279', '0.390', '2.000', 20, ''),
('Coal subcritical', 500, 2194000, '6.279', '0.390', '3.000', 20, ''),
('Coal subcritical', 800, 2194000, '6.279', '0.390', '4.000', 20, ''),
('Coal supercritical', 250, 2606000, '8.904', '0.440', '2.000', 20, ''),
('Coal supercritical', 500, 2606000, '8.904', '0.440', '3.000', 20, ''),
('Coal supercritical', 800, 2606000, '8.904', '0.440', '4.000', 20, ''),
('Coal ultra-supercritical', 250, 2880000, '9.817', '0.470', '2.000', 20, ''),
('Coal ultra-supercritical', 500, 2880000, '9.817', '0.470', '3.000', 20, ''),
('Coal ultra-supercritical', 800, 2880000, '9.817', '0.470', '4.000', 20, ''),
('Coal IGCC', 250, 3291000, '13.128', '0.480', '3.000', 20, ''),
('Coal IGCC', 500, 3291000, '13.128', '0.480', '4.000', 20, ''),
('Coal IGCC', 800, 3291000, '13.128', '0.480', '5.000', 20, ''),
('Gas CCGT', 250, 1234000, '3.653', '0.590', '2.000', 20, ''),
('Gas CCGT', 500, 1234000, '3.653', '0.590', '3.000', 20, ''),
('Gas CCGT', 800, 1234000, '3.653', '0.590', '4.000', 20, ''),
('Gas turbine', 50, 686000, '3.082', '0.380', '0.500', 20, ''),
('Gas turbine', 150, 686000, '3.082', '0.380', '0.500', 20, ''),
('Gas turbine', 300, 686000, '3.082', '0.380', '0.500', 20, ''),
('Nuclear', 900, 5486000, '18.836', '0.330', '10.000', 30, ''),
('Nuclear', 1450, 5486000, '18.836', '0.330', '10.000', 30, ''),
('Nuclear', 1750, 5486000, '18.836', '0.330', '10.000', 30, '');

INSERT INTO `etsim_type_plant` (`name_etsim_type_plant`, `description_etsim_type_plant`) VALUES
('Coal subcritical', ''),
('Coal supercritical', ''),
('Coal ultra-supercritical', ''),
('Coal IGCC', ''),
('Gas CCGT', ''),
('Gas turbine', ''),
('Nuclear', '');

INSERT INTO `etsim_plant` (`power_unit_etsim_plant`, `cost_mw_etsim_plant`, `om_mw_etsim_plant`, `rdt_etsim_plant`, `construction_etsim_plant`, `operation_etsim_plant`) VALUES
(250, 2194000, '6.279', '0.390', '2.000', 20),
(500, 2194000, '6.279', '0.390', '3.000', 20),
(800, 2194000, '6.279', '0.390', '4.000', 20),
(250, 2606000, '8.904', '0.440', '2.000', 20),
(500, 2606000, '8.904', '0.440', '3.000', 20),
(800, 2606000, '8.904', '0.440', '4.000', 20),
(250, 2880000, '9.817', '0.470', '2.000', 20),
(500, 2880000, '9.817', '0.470', '3.000', 20),
(800, 2880000, '9.817', '0.470', '4.000', 20),
(250, 3291000, '13.128', '0.480', '3.000', 20),
(500, 3291000, '13.128', '0.480', '4.000', 20),
(800, 3291000, '13.128', '0.480', '5.000', 20),
(250, 1234000, '3.653', '0.590', '2.000', 20),
(500, 1234000, '3.653', '0.590', '3.000', 20),
(800, 1234000, '3.653', '0.590', '4.000', 20),
(50, 686000, '3.082', '0.380', '0.500', 20),
(150, 686000, '3.082', '0.380', '0.500', 20),
(300, 686000, '3.082', '0.380', '0.500', 20),
(900, 5486000, '18.836', '0.330', '10.000', 30),
(1450, 5486000, '18.836', '0.330', '10.000', 30),
(1750, 5486000, '18.836', '0.330', '10.000', 30);

INSERT INTO `is_type` (`id_etsim_plant`, `id_etsim_type_plant`) VALUES
(1,1),
(2,1),
(3,1),
(4,2),
(5,2),
(6,2),
(7,3),
(8,3),
(9,3),
(10,4),
(11,4),
(12,4),
(13,5),
(14,5),
(15,5),
(16,6),
(17,6),
(18,6),
(19,7),
(20,7),
(21,7);


